<?xml version="1.0"?>
<doc>
    <assembly>
        <name>HealthCare</name>
    </assembly>
    <members>
        <member name="M:HealthCare.Controllers.AllergiesController.listAllergiesDetails(System.String)">
            <summary>
            To list all the Allergie Details
            </summary>
        </member>
        <member name="M:HealthCare.Controllers.AllergiesController.SaveAllergiesDetails(HealthCare.Model.SaveAllergies)">
            <summary>
            To save user selected Allergies Details
            </summary>
        </member>
        <member name="M:HealthCare.Controllers.AllergiesController.getUserAllergiesDetails(System.Int32)">
            <summary>
            To select user entered Allergies Details
            </summary>
        </member>
        <member name="M:HealthCare.Controllers.DrugsController.listDrugs(System.String)">
            <summary>
            To get all the drug list
            </summary>
        </member>
        <member name="M:HealthCare.Controllers.LoginController.login(HealthCare.Model.Login)">
            <summary>
            
            To Login
            </summary>
        </member>
        <member name="M:HealthCare.Controllers.LoginController.providerlogin(HealthCare.Model.ProviderLogin)">
            <summary>
            To Login
            </summary>
        </member>
        <member name="M:HealthCare.Controllers.LoginController.refreshToken(HealthCare.Model.RefreshRequest)">
            <summary>
            To create refreshToken
            </summary>
        </member>
        <member name="M:HealthCare.Controllers.MedicalConditionController.saveMedicalCondition(HealthCare.Model.SaveMedicalCondition)">
            <summary>
            To save user medical condition 
            </summary>
        </member>
        <member name="M:HealthCare.Controllers.MedicalConditionController.listUserMedicalCondition(System.Int32)">
            <summary>
            To  select UserById
            </summary>
        </member>
        <member name="M:HealthCare.Controllers.MedicalConditionController.listMedicalCondition(System.String)">
            <summary>
            To  select UserById
            </summary>
        </member>
        <member name="M:HealthCare.Controllers.MedicalConditionController.listFamilyMedicalCondition(System.Int32)">
            <summary>
            To  select UserById
            </summary>
        </member>
        <member name="M:HealthCare.Controllers.MedicalConditionController.saveFamilyMedicalCondition(HealthCare.Model.SaveFamilyMedicalCondition)">
            <summary>
            To save user medical condition 
            </summary>
        </member>
        <member name="M:HealthCare.Controllers.PushNotificationController.ReadNotification(System.Int32)">
            <summary>
            List all the Answered Questions
            </summary>
        </member>
        <member name="M:HealthCare.Controllers.PushNotificationController.getNotificationById(System.Int32)">
            <summary>
            List all the Answered Questions
            </summary>
        </member>
        <member name="M:HealthCare.Controllers.RemainderController.createRemainder(HealthCare.Model.RemainderModel.Remainder)">
            <summary>
            
            To create reamainder for user
            </summary>
        </member>
        <member name="M:HealthCare.Controllers.RemainderController.getRemainderListById(System.Int32)">
            <summary>
            To  select RemainderListById
            </summary>
        </member>
        <member name="M:HealthCare.Controllers.RemainderController.getTimeZone">
            <summary>
            To  get TimeZone
            </summary>
        </member>
        <member name="M:HealthCare.Controllers.SurgeriesTherapiesController.listSurgeriesTherapies(System.String)">
            <summary>
            To list all the Surgeries and Therapies
            </summary>
        </member>
        <member name="M:HealthCare.Controllers.SurgeriesTherapiesController.saveMedicalCondition(HealthCare.Model.SaveTherapies)">
            <summary>
            To save user selected Surgeries and Therapies
            </summary>
        </member>
        <member name="M:HealthCare.Controllers.SurgeriesTherapiesController.listUserSurgeriesTherapies(System.Int32)">
            <summary>
            To select user entered Surgeries Therapies
            </summary>
        </member>
        <member name="M:HealthCare.Controllers.UploadFileController.uploadFile(Microsoft.AspNetCore.Http.IFormFile)">
            <summary>
            To uploadFile image for mobile
            </summary>
        </member>
        <member name="M:HealthCare.Controllers.UserController.createUser(HealthCare.Model.User)">
            <summary>
            To create new User
            </summary>
        </member>
        <member name="M:HealthCare.Controllers.UserController.updateUser(HealthCare.Model.UpdateUser)">
            <summary>
            To update particular User
            </summary>
        </member>
        <member name="M:HealthCare.Controllers.UserController.selectUserById(System.Int32)">
            <summary>
            To  select UserById
            </summary>
        </member>
        <member name="M:HealthCare.Controllers.UserController.forgetPassword(HealthCare.Model.ForgetPassword)">
            <summary>
            To update forgetPassword
            </summary>
        </member>
        <member name="M:HealthCare.Controllers.UserController.listCountry">
            <summary>
            List all country and blood group list
            </summary>
        </member>
        <member name="M:HealthCare.Controllers.UserController.getSecurityQuestion">
            <summary>
            List all the security Questions
            </summary>
        </member>
        <member name="M:HealthCare.Controllers.UserController.SaveSecurityQuestionAnswer(HealthCare.Model.SecurityQuestion)">
            <summary>
            To save user security question answer  
            </summary>
        </member>
        <member name="M:HealthCare.Controllers.UserController.CheckValidateSecurityQuestion(HealthCare.Model.SecurityQuestion)">
            <summary>
            To validate security question answer 
            </summary>
        </member>
        <member name="M:HealthCare.Controllers.UserController.getAnsweredQuestions(System.String)">
            <summary>
            List all the Answered Questions
            </summary>
        </member>
        <member name="M:HealthCare.Controllers.UserController.SaveDeviceId(HealthCare.Model.userDevice)">
            <summary>
            To Save DeviceId for User
            </summary>
        </member>
        <member name="M:HealthCare.Controllers.UserReportController.saveUserReports(HealthCare.Model.SaveUserReports)">
            <summary>
            To save user Reports
            </summary>
        </member>
        <member name="M:HealthCare.Controllers.VitaminController.listVitaminDetails(System.String)">
            <summary>
            To list all the Vitamin Details
            </summary>
        </member>
        <member name="M:HealthCare.Controllers.VitaminController.SaveVitaminDetails(HealthCare.Model.SaveVitamins)">
            <summary>
            To save user selected Vitamin Details
            </summary>
        </member>
        <member name="M:HealthCare.Controllers.VitaminController.getUserVitaminDetails(System.Int32)">
            <summary>
            To select user entered Vitamin Details
            </summary>
        </member>
    </members>
</doc>
